<?xml version="1.0" encoding="UTF-8"?>
<project-private xmlns="http://www.netbeans.org/ns/project-private/1">
    <editor-bookmarks xmlns="http://www.netbeans.org/ns/editor-bookmarks/2" lastBookmarkId="0"/>
    <open-files xmlns="http://www.netbeans.org/ns/projectui-open-files/2">
        <group>
            <file>file:/C:/Users/Propietario/Documents/NetBeansProjects/Instrumentos/src/instrumentos/Flauta.java</file>
            <file>file:/C:/Users/Propietario/Documents/NetBeansProjects/Instrumentos/src/instrumentos/Bajo.java</file>
            <file>file:/C:/Users/Propietario/Documents/NetBeansProjects/Instrumentos/src/instrumentos/Instrumentos.java</file>
            <file>file:/C:/Users/Propietario/Documents/NetBeansProjects/Instrumentos/src/instrumentos/Guitarra.java</file>
            <file>file:/C:/Users/Propietario/Documents/NetBeansProjects/Instrumentos/src/instrumentos/Viento.java</file>
            <file>file:/C:/Users/Propietario/Documents/NetBeansProjects/Instrumentos/src/instrumentos/Bateria.java</file>
            <file>file:/C:/Users/Propietario/Documents/NetBeansProjects/Instrumentos/src/instrumentos/Pruebainstrumentos.java</file>
            <file>file:/C:/Users/Propietario/Documents/NetBeansProjects/Instrumentos/src/instrumentos/Cuerdas.java</file>
        </group>
    </open-files>
</project-private>
